{
    "15.04": [
        25.83529411764706,
        26.023529411764706,
        25.2078431372549,
        26.08627450980392,
        26.96470588235294,
        26.52549019607843,
        26.023529411764706,
        25.521568627450982
    ],
    "30.09": [
        26.023529411764706,
        26.462745098039214,
        25.647058823529413,
        26.462745098039214,
        26.83921568627451,
        27.780392156862746,
        26.71372549019608,
        25.521568627450982
    ],
    "45.14": [
        26.274509803921568,
        26.83921568627451,
        25.83529411764706,
        26.462745098039214,
        27.215686274509803,
        28.53333333333333,
        27.403921568627453,
        26.4
    ],
    "60.2": [
        26.52549019607843,
        27.403921568627453,
        26.08627450980392,
        26.776470588235295,
        27.27843137254902,
        29.537254901960786,
        28.658823529411762,
        27.341176470588234
    ],
    "75.25": [
        26.83921568627451,
        27.84313725490196,
        26.52549019607843,
        26.901960784313726,
        27.780392156862746,
        30.03921568627451,
        29.411764705882355,
        28.031372549019608
    ],
    "90.31": [
        27.341176470588234,
        28.53333333333333,
        26.901960784313726,
        27.215686274509803,
        28.658823529411762,
        30.72941176470588,
        30.03921568627451,
        28.721568627450978
    ],
    "105.36": [
        28.15686274509804,
        29.286274509803924,
        27.780392156862746,
        27.654901960784315,
        29.537254901960786,
        31.231372549019607,
        30.980392156862745,
        30.101960784313725
    ],
    "120.42": [
        29.03529411764706,
        29.6,
        28.596078431372547,
        28.094117647058823,
        30.29019607843137,
        31.733333333333334,
        31.67058823529412,
        30.91764705882353
    ],
    "135.48": [
        29.850980392156863,
        30.478431372549018,
        29.6,
        28.470588235294116,
        30.980392156862745,
        32.17254901960784,
        32.17254901960784,
        31.419607843137257
    ],
    "150.53": [
        30.101960784313725,
        30.91764705882353,
        30.101960784313725,
        29.098039215686274,
        31.67058823529412,
        32.549019607843135,
        32.29803921568627,
        31.733333333333334
    ],
    "165.59": [
        30.29019607843137,
        30.91764705882353,
        30.415686274509802,
        29.47450980392157,
        31.67058823529412,
        32.29803921568627,
        32.23529411764706,
        31.67058823529412
    ],
    "180.65": [
        30.541176470588233,
        31.35686274509804,
        30.854901960784314,
        29.91372549019608,
        32.10980392156863,
        32.61176470588235,
        32.549019607843135,
        31.858823529411765
    ],
    "195.7": [
        30.980392156862745,
        31.79607843137255,
        31.35686274509804,
        30.352941176470587,
        32.549019607843135,
        33.05098039215686,
        32.92549019607843,
        32.61176470588235
    ],
    "210.76": [
        31.35686274509804,
        32.04705882352941,
        31.79607843137255,
        30.854901960784314,
        32.73725490196078,
        33.113725490196074,
        33.113725490196074,
        32.674509803921566
    ],
    "225.82": [
        31.35686274509804,
        32.04705882352941,
        31.733333333333334,
        30.91764705882353,
        32.674509803921566,
        32.98823529411764,
        32.98823529411764,
        32.674509803921566
    ],
    "240.87": [
        31.79607843137255,
        32.29803921568627,
        32.23529411764706,
        31.35686274509804,
        33.113725490196074,
        33.42745098039216,
        33.36470588235294,
        32.98823529411764
    ],
    "255.93": [
        31.858823529411765,
        32.29803921568627,
        32.17254901960784,
        31.607843137254903,
        33.113725490196074,
        33.42745098039216,
        33.17647058823529,
        32.674509803921566
    ],
    "270.99": [
        31.79607843137255,
        32.29803921568627,
        32.23529411764706,
        31.858823529411765,
        33.113725490196074,
        33.42745098039216,
        33.113725490196074,
        32.92549019607843
    ],
    "286.05": [
        32.29803921568627,
        32.98823529411764,
        33.05098039215686,
        32.674509803921566,
        33.55294117647059,
        33.92941176470588,
        33.741176470588236,
        33.36470588235294
    ],
    "301.1": [
        32.61176470588235,
        33.113725490196074,
        33.17647058823529,
        32.92549019607843,
        33.615686274509805,
        33.92941176470588,
        33.92941176470588,
        33.55294117647059
    ],
    "316.16": [
        32.98823529411764,
        33.490196078431374,
        33.55294117647059,
        33.113725490196074,
        33.9921568627451,
        34.11764705882353,
        34.11764705882353,
        33.741176470588236
    ],
    "331.22": [
        33.113725490196074,
        33.55294117647059,
        33.615686274509805,
        33.113725490196074,
        33.92941176470588,
        34.05490196078431,
        34.305882352941175,
        33.92941176470588
    ],
    "346.28": [
        33.55294117647059,
        33.9921568627451,
        33.9921568627451,
        33.42745098039216,
        34.11764705882353,
        34.36862745098039,
        34.49411764705882,
        34.05490196078431
    ],
    "361.34": [
        33.55294117647059,
        34.05490196078431,
        34.05490196078431,
        33.55294117647059,
        34.305882352941175,
        34.36862745098039,
        34.431372549019606,
        33.92941176470588
    ],
    "376.4": [
        33.86666666666667,
        34.05490196078431,
        34.05490196078431,
        33.86666666666667,
        34.36862745098039,
        34.431372549019606,
        34.49411764705882,
        34.05490196078431
    ],
    "391.46": [
        33.92941176470588,
        34.05490196078431,
        34.305882352941175,
        33.9921568627451,
        34.36862745098039,
        34.49411764705882,
        34.49411764705882,
        34.05490196078431
    ],
    "406.51": [
        33.615686274509805,
        34.05490196078431,
        34.305882352941175,
        34.05490196078431,
        34.431372549019606,
        34.36862745098039,
        34.431372549019606,
        34.05490196078431
    ],
    "421.57": [
        33.741176470588236,
        34.05490196078431,
        34.11764705882353,
        33.86666666666667,
        34.36862745098039,
        34.49411764705882,
        34.49411764705882,
        34.05490196078431
    ],
    "436.63": [
        33.9921568627451,
        34.11764705882353,
        34.49411764705882,
        34.11764705882353,
        34.431372549019606,
        34.49411764705882,
        34.49411764705882,
        34.05490196078431
    ],
    "451.69": [
        33.92941176470588,
        34.05490196078431,
        34.36862745098039,
        34.11764705882353,
        34.36862745098039,
        34.49411764705882,
        34.431372549019606,
        33.9921568627451
    ],
    "466.75": [
        33.55294117647059,
        33.92941176470588,
        33.9921568627451,
        34.05490196078431,
        34.305882352941175,
        34.431372549019606,
        34.36862745098039,
        33.92941176470588
    ],
    "481.81": [
        33.615686274509805,
        34.05490196078431,
        34.05490196078431,
        34.11764705882353,
        34.431372549019606,
        34.431372549019606,
        34.36862745098039,
        33.86666666666667
    ]
}