{
    "15.04": [
        26.023529411764706,
        25.145098039215686,
        24.580392156862743,
        23.32549019607843,
        25.584313725490198,
        24.20392156862745,
        24.580392156862743,
        23.137254901960784
    ],
    "30.1": [
        26.52549019607843,
        25.521568627450982,
        24.705882352941178,
        24.07843137254902,
        25.96078431372549,
        24.643137254901962,
        24.768627450980393,
        23.388235294117646
    ],
    "45.15": [
        27.215686274509803,
        26.023529411764706,
        25.2078431372549,
        24.580392156862743,
        26.4,
        25.019607843137255,
        25.145098039215686,
        23.764705882352942
    ],
    "60.2": [
        27.84313725490196,
        26.462745098039214,
        26.023529411764706,
        25.145098039215686,
        27.152941176470588,
        25.521568627450982,
        25.647058823529413,
        24.141176470588235
    ],
    "75.26": [
        28.596078431372547,
        27.152941176470588,
        26.52549019607843,
        25.83529411764706,
        27.780392156862746,
        25.83529411764706,
        26.337254901960783,
        24.454901960784312
    ],
    "90.31": [
        29.098039215686274,
        27.403921568627453,
        26.96470588235294,
        26.337254901960783,
        28.219607843137254,
        26.462745098039214,
        26.83921568627451,
        24.705882352941178
    ],
    "105.37": [
        29.662745098039217,
        28.15686274509804,
        27.780392156862746,
        26.901960784313726,
        29.03529411764706,
        26.901960784313726,
        27.5921568627451,
        25.2078431372549
    ],
    "120.42": [
        30.03921568627451,
        28.658823529411762,
        28.219607843137254,
        27.654901960784315,
        29.537254901960786,
        27.341176470588234,
        28.219607843137254,
        25.83529411764706
    ],
    "135.47": [
        32.73725490196078,
        31.35686274509804,
        30.980392156862745,
        30.352941176470587,
        32.29803921568627,
        30.29019607843137,
        31.231372549019607,
        28.658823529411762
    ],
    "150.53": [
        33.42745098039216,
        32.10980392156863,
        31.733333333333334,
        30.91764705882353,
        32.98823529411764,
        31.16862745098039,
        32.04705882352941,
        29.47450980392157
    ],
    "165.59": [
        33.615686274509805,
        32.48627450980392,
        32.23529411764706,
        31.35686274509804,
        33.490196078431374,
        31.67058823529412,
        32.61176470588235,
        30.03921568627451
    ],
    "180.65": [
        34.05490196078431,
        32.73725490196078,
        32.674509803921566,
        31.79607843137255,
        33.92941176470588,
        32.23529411764706,
        33.17647058823529,
        30.7921568627451
    ],
    "195.7": [
        34.05490196078431,
        33.05098039215686,
        32.674509803921566,
        32.04705882352941,
        33.9921568627451,
        32.674509803921566,
        33.36470588235294,
        31.231372549019607
    ],
    "210.76": [
        34.305882352941175,
        33.36470588235294,
        33.05098039215686,
        32.48627450980392,
        34.11764705882353,
        33.113725490196074,
        33.86666666666667,
        31.79607843137255
    ],
    "225.82": [
        34.49411764705882,
        33.55294117647059,
        33.490196078431374,
        32.73725490196078,
        34.49411764705882,
        33.55294117647059,
        33.9921568627451,
        32.17254901960784
    ],
    "240.88": [
        34.87058823529412,
        33.9921568627451,
        33.86666666666667,
        33.17647058823529,
        34.87058823529412,
        33.9921568627451,
        34.431372549019606,
        32.674509803921566
    ],
    "255.94": [
        35.1843137254902,
        34.05490196078431,
        34.05490196078431,
        33.490196078431374,
        34.99607843137255,
        34.11764705882353,
        34.745098039215684,
        33.113725490196074
    ],
    "271.0": [
        34.93333333333334,
        34.05490196078431,
        33.9921568627451,
        33.55294117647059,
        35.1843137254902,
        34.305882352941175,
        34.745098039215684,
        33.36470588235294
    ],
    "286.05": [
        35.247058823529414,
        34.36862745098039,
        34.305882352941175,
        33.9921568627451,
        35.30980392156863,
        34.55686274509804,
        34.99607843137255,
        33.615686274509805
    ],
    "301.11": [
        35.247058823529414,
        34.305882352941175,
        34.305882352941175,
        33.9921568627451,
        34.99607843137255,
        34.745098039215684,
        34.93333333333334,
        33.615686274509805
    ],
    "316.17": [
        35.247058823529414,
        34.431372549019606,
        34.49411764705882,
        34.11764705882353,
        35.372549019607845,
        34.87058823529412,
        35.247058823529414,
        34.05490196078431
    ],
    "331.23": [
        35.372549019607845,
        34.55686274509804,
        34.745098039215684,
        34.49411764705882,
        35.62352941176471,
        34.93333333333334,
        35.372549019607845,
        34.305882352941175
    ],
    "346.29": [
        35.372549019607845,
        34.55686274509804,
        34.745098039215684,
        34.36862745098039,
        35.43529411764706,
        35.1843137254902,
        35.372549019607845,
        34.305882352941175
    ],
    "361.35": [
        35.43529411764706,
        34.745098039215684,
        34.745098039215684,
        34.55686274509804,
        35.68627450980392,
        35.247058823529414,
        35.43529411764706,
        34.36862745098039
    ],
    "376.41": [
        35.62352941176471,
        34.87058823529412,
        34.87058823529412,
        34.745098039215684,
        35.811764705882354,
        35.30980392156863,
        35.62352941176471,
        34.49411764705882
    ],
    "391.47": [
        35.74901960784314,
        34.99607843137255,
        35.1843137254902,
        34.93333333333334,
        35.87450980392157,
        35.62352941176471,
        35.87450980392157,
        34.87058823529412
    ],
    "406.53": [
        35.87450980392157,
        35.1843137254902,
        35.1843137254902,
        34.93333333333334,
        35.87450980392157,
        35.62352941176471,
        35.87450980392157,
        34.93333333333334
    ],
    "421.59": [
        35.811764705882354,
        35.30980392156863,
        35.372549019607845,
        35.247058823529414,
        35.87450980392157,
        35.74901960784314,
        35.87450980392157,
        34.99607843137255
    ],
    "436.65": [
        34.49411764705882,
        33.9921568627451,
        34.05490196078431,
        33.9921568627451,
        34.93333333333334,
        34.49411764705882,
        34.807843137254906,
        33.86666666666667
    ],
    "451.71": [
        34.745098039215684,
        34.05490196078431,
        34.05490196078431,
        33.9921568627451,
        34.93333333333334,
        34.49411764705882,
        34.93333333333334,
        33.92941176470588
    ],
    "466.77": [
        34.55686274509804,
        34.11764705882353,
        34.05490196078431,
        34.05490196078431,
        34.93333333333334,
        34.49411764705882,
        34.87058823529412,
        33.9921568627451
    ],
    "481.82": [
        34.87058823529412,
        34.11764705882353,
        34.36862745098039,
        34.11764705882353,
        34.99607843137255,
        34.55686274509804,
        34.93333333333334,
        34.05490196078431
    ],