{
    "15.02": [
        25.521568627450982,
        25.898039215686275,
        27.654901960784315,
        26.96470588235294,
        29.03529411764706,
        28.972549019607843,
        30.415686274509802,
        32.73725490196078
    ],
    "30.04": [
        26.023529411764706,
        26.462745098039214,
        28.031372549019608,
        27.341176470588234,
        28.972549019607843,
        29.098039215686274,
        30.03921568627451,
        32.674509803921566
    ],
    "45.07": [
        26.462745098039214,
        26.96470588235294,
        28.094117647058823,
        27.5921568627451,
        29.03529411764706,
        29.537254901960786,
        30.101960784313725,
        32.674509803921566
    ],
    "60.09": [
        26.52549019607843,
        27.27843137254902,
        28.031372549019608,
        27.71764705882353,
        28.972549019607843,
        29.91372549019608,
        30.72941176470588,
        32.549019607843135
    ],
    "75.12": [
        26.83921568627451,
        27.341176470588234,
        28.031372549019608,
        27.71764705882353,
        28.972549019607843,
        29.850980392156863,
        30.541176470588233,
        32.48627450980392
    ],
    "90.14": [
        26.96470588235294,
        27.654901960784315,
        28.15686274509804,
        27.780392156862746,
        29.098039215686274,
        30.03921568627451,
        30.91764705882353,
        32.48627450980392
    ],
    "105.17": [
        27.27843137254902,
        27.780392156862746,
        28.28235294117647,
        28.15686274509804,
        29.47450980392157,
        30.352941176470587,
        31.294117647058826,
        32.549019607843135
    ],
    "120.2": [
        27.341176470588234,
        27.84313725490196,
        28.909803921568628,
        28.470588235294116,
        29.850980392156863,
        30.541176470588233,
        31.67058823529412,
        32.674509803921566
    ],
    "135.22": [
        28.031372549019608,
        28.596078431372547,
        30.03921568627451,
        29.411764705882355,
        30.854901960784314,
        31.607843137254903,
        32.48627450980392,
        33.113725490196074
    ],
    "150.25": [
        28.53333333333333,
        29.411764705882355,
        31.231372549019607,
        30.03921568627451,
        31.419607843137257,
        32.17254901960784,
        32.674509803921566,
        33.42745098039216
    ],
    "165.27": [
        29.286274509803924,
        30.478431372549018,
        32.17254901960784,
        31.16862745098039,
        32.17254901960784,
        32.674509803921566,
        33.17647058823529,
        33.615686274509805
    ],
    "180.3": [
        30.29019607843137,
        31.79607843137255,
        33.42745098039216,
        32.29803921568627,
        33.17647058823529,
        33.55294117647059,
        33.9921568627451,
        34.305882352941175
    ],
    "195.33": [
        31.16862745098039,
        32.674509803921566,
        33.9921568627451,
        32.98823529411764,
        33.92941176470588,
        33.92941176470588,
        34.05490196078431,
        34.431372549019606
    ],
    "210.36": [
        32.23529411764706,
        33.615686274509805,
        34.93333333333334,
        33.86666666666667,
        34.49411764705882,
        34.745098039215684,
        34.87058823529412,
        34.87058823529412
    ],
    "225.41": [
        33.05098039215686,
        34.11764705882353,
        35.1843137254902,
        34.431372549019606,
        34.93333333333334,
        34.99607843137255,
        34.93333333333334,
        34.99607843137255
    ],
    "240.45": [
        33.55294117647059,
        34.55686274509804,
        35.62352941176471,
        34.49411764705882,
        35.1843137254902,
        34.99607843137255,
        35.30980392156863,
        35.372549019607845
    ],
    "255.5": [
        34.05490196078431,
        34.99607843137255,
        35.811764705882354,
        35.1843137254902,
        35.62352941176471,
        35.74901960784314,
        35.811764705882354,
        35.74901960784314
    ],
    "270.55": [
        34.49411764705882,
        35.372549019607845,
        35.87450980392157,
        35.372549019607845,
        35.811764705882354,
        35.811764705882354,
        35.87450980392157,
        35.87450980392157
    ],
    "285.59": [
        34.807843137254906,
        35.43529411764706,
        35.87450980392157,
        35.43529411764706,
        35.68627450980392,
        35.74901960784314,
        35.87450980392157,
        35.811764705882354
    ],
    "300.64": [
        34.99607843137255,
        35.811764705882354,
        35.87450980392157,
        35.74901960784314,
        35.811764705882354,
        35.811764705882354,
        35.87450980392157,
        35.87450980392157
    ],
    "315.69": [
        35.247058823529414,
        35.87450980392157,
        35.87450980392157,
        35.87450980392157,
        35.811764705882354,
        35.87450980392157,
        35.87450980392157,
        35.87450980392157
    ],
    "330.73": [
        35.62352941176471,
        35.87450980392157,
        35.87450980392157,
        35.87450980392157,
        35.87450980392157,
        35.87450980392157,
        35.87450980392157,
        35.87450980392157
    ],
    "345.78": [
        35.74901960784314,
        35.87450980392157,
        35.87450980392157,
        35.87450980392157,
        35.87450980392157,
        35.87450980392157,
        35.87450980392157,
        35.87450980392157
    ],
    "360.83": [
        35.62352941176471,
        35.87450980392157,
        35.87450980392157,
        35.87450980392157,
        35.87450980392157,
        35.87450980392157,
        35.87450980392157,
        35.87450980392157
    ],
    "375.88": [
        35.811764705882354,
        35.87450980392157,
        35.87450980392157,
        35.87450980392157,
        35.87450980392157,
        35.87450980392157,
        35.87450980392157,
        35.87450980392157
    ],
    "390.93": [
        35.87450980392157,
        35.87450980392157,
        35.87450980392157,
        35.87450980392157,
        35.87450980392157,
        35.87450980392157,
        35.87450980392157,
        35.87450980392157
    ],
    "405.98": [
        35.87450980392157,
        35.87450980392157,
        35.87450980392157,
        35.87450980392157,
        35.87450980392157,
        35.87450980392157,
        35.87450980392157,
        35.87450980392157
    ],
    "421.03": [
        35.87450980392157,
        35.87450980392157,
        35.87450980392157,
        35.87450980392157,
        35.87450980392157,
        35.87450980392157,
        35.87450980392157,
        35.87450980392157
    ],
    "436.08": [
        35.87450980392157,
        35.87450980392157,
        35.87450980392157,
        35.87450980392157,
        35.87450980392157,
        35.87450980392157,
        35.87450980392157,
        35.87450980392157
    ],
    "451.13": [
        35.87450980392157,
        35.87450980392157,
        35.87450980392157,
        35.87450980392157,
        35.87450980392157,
        35.87450980392157,
        35.87450980392157,
        35.87450980392157
    ],
    "466.18": [
        35.87450980392157,
        35.87450980392157,
        35.87450980392157,
        35.87450980392157,
        35.87450980392157,
        35.87450980392157,
        35.87450980392157,
        35.87450980392157
    ],
    "481.24": [
        35.87450980392157,
        35.87450980392157,
        35.87450980392157,
        35.87450980392157,
        35.87450980392157,
        35.87450980392157,
        35.87450980392157,
        35.87450980392157
    ],