{
    "15.05": [
        25.2078431372549,
        25.458823529411767,
        26.4,
        25.145098039215686,
        25.08235294117647,
        26.462745098039214,
        26.4,
        26.08627450980392
    ],
    "30.1": [
        25.647058823529413,
        25.647058823529413,
        26.901960784313726,
        25.521568627450982,
        25.145098039215686,
        26.901960784313726,
        26.71372549019608,
        26.52549019607843
    ],
    "45.15": [
        25.96078431372549,
        26.023529411764706,
        28.094117647058823,
        25.96078431372549,
        25.584313725490198,
        27.341176470588234,
        27.5921568627451,
        27.654901960784315
    ],
    "60.21": [
        26.08627450980392,
        26.462745098039214,
        29.098039215686274,
        26.337254901960783,
        26.023529411764706,
        27.84313725490196,
        28.658823529411762,
        28.53333333333333
    ],
    "75.27": [
        26.71372549019608,
        27.215686274509803,
        30.101960784313725,
        26.901960784313726,
        26.462745098039214,
        28.596078431372547,
        29.91372549019608,
        29.47450980392157
    ],
    "90.32": [
        27.341176470588234,
        28.219607843137254,
        31.294117647058826,
        27.403921568627453,
        27.403921568627453,
        29.537254901960786,
        31.294117647058826,
        30.541176470588233
    ],
    "105.38": [
        27.84313725490196,
        28.658823529411762,
        30.91764705882353,
        27.84313725490196,
        27.71764705882353,
        29.662745098039217,
        31.35686274509804,
        30.980392156862745
    ],
    "120.44": [
        28.53333333333333,
        29.286274509803924,
        31.67058823529412,
        28.470588235294116,
        28.470588235294116,
        30.478431372549018,
        32.17254901960784,
        31.607843137254903
    ],
    "135.49": [
        29.537254901960786,
        30.03921568627451,
        32.674509803921566,
        28.721568627450978,
        29.976470588235294,
        31.294117647058826,
        33.113725490196074,
        32.549019607843135
    ],
    "150.55": [
        30.03921568627451,
        30.478431372549018,
        32.92549019607843,
        29.286274509803924,
        30.29019607843137,
        31.79607843137255,
        33.36470588235294,
        32.61176470588235
    ],
    "165.61": [
        30.91764705882353,
        31.294117647058826,
        33.42745098039216,
        29.91372549019608,
        31.294117647058826,
        32.674509803921566,
        34.05490196078431,
        33.490196078431374
    ],
    "180.67": [
        31.67058823529412,
        32.04705882352941,
        33.9921568627451,
        30.415686274509802,
        32.04705882352941,
        33.36470588235294,
        34.49411764705882,
        33.92941176470588
    ],
    "195.73": [
        31.733333333333334,
        32.04705882352941,
        33.55294117647059,
        30.854901960784314,
        31.79607843137255,
        33.36470588235294,
        34.305882352941175,
        34.05490196078431
    ],
    "210.79": [
        32.23529411764706,
        32.674509803921566,
        34.05490196078431,
        31.419607843137257,
        32.29803921568627,
        33.9921568627451,
        34.745098039215684,
        34.49411764705882
    ],
    "225.84": [
        33.113725490196074,
        33.36470588235294,
        34.807843137254906,
        32.04705882352941,
        33.113725490196074,
        34.36862745098039,
        35.1843137254902,
        34.99607843137255
    ],
    "240.91": [
        33.490196078431374,
        33.615686274509805,
        35.247058823529414,
        32.23529411764706,
        33.42745098039216,
        34.49411764705882,
        35.372549019607845,
        34.99607843137255
    ],
    "255.97": [
        33.741176470588236,
        33.92941176470588,
        35.247058823529414,
        32.549019607843135,
        33.741176470588236,
        34.807843137254906,
        35.43529411764706,
        35.247058823529414
    ],
    "271.03": [
        34.05490196078431,
        34.05490196078431,
        35.247058823529414,
        33.05098039215686,
        34.05490196078431,
        34.93333333333334,
        35.74901960784314,
        35.372549019607845
    ],
    "286.09": [
        33.92941176470588,
        33.92941176470588,
        34.745098039215684,
        32.98823529411764,
        33.741176470588236,
        34.807843137254906,
        35.30980392156863,
        34.99607843137255
    ],
    "301.14": [
        34.05490196078431,
        34.05490196078431,
        35.1843137254902,
        33.17647058823529,
        34.05490196078431,
        34.99607843137255,
        35.43529411764706,
        35.372549019607845
    ],
    "316.2": [
        34.05490196078431,
        34.05490196078431,
        34.99607843137255,
        33.36470588235294,
        34.05490196078431,
        34.93333333333334,
        35.372549019607845,
        35.1843137254902
    ],
    "331.26": [
        34.05490196078431,
        34.11764705882353,
        35.1843137254902,
        33.490196078431374,
        34.05490196078431,
        34.87058823529412,
        35.372549019607845,
        35.1843137254902
    ],
    "346.32": [
        34.36862745098039,
        34.431372549019606,
        35.372549019607845,
        33.615686274509805,
        34.11764705882353,
        34.93333333333334,
        35.372549019607845,
        34.99607843137255
    ],
    "361.38": [
        34.36862745098039,
        34.49411764705882,
        35.372549019607845,
        33.741176470588236,
        34.305882352941175,
        35.1843137254902,
        35.43529411764706,
        35.30980392156863
    ],
    "376.44": [
        34.431372549019606,
        34.49411764705882,
        35.30980392156863,
        33.741176470588236,
        34.305882352941175,
        35.1843137254902,
        35.62352941176471,
        35.247058823529414
    ],
    "391.5": [
        34.745098039215684,
        34.55686274509804,
        35.68627450980392,
        33.741176470588236,
        34.49411764705882,
        35.372549019607845,
        35.74901960784314,
        35.372549019607845
    ],
    "406.56": [
        34.93333333333334,
        34.87058823529412,
        35.62352941176471,
        33.9921568627451,
        34.745098039215684,
        35.372549019607845,
        35.811764705882354,
        35.62352941176471
    ],
    "421.62": [
        34.87058823529412,
        34.807843137254906,
        35.62352941176471,
        34.05490196078431,
        34.745098039215684,
        35.372549019607845,
        35.811764705882354,
        35.372549019607845
    ],
    "436.68": [
        34.93333333333334,
        34.93333333333334,
        35.74901960784314,
        34.05490196078431,
        34.807843137254906,
        35.372549019607845,
        35.811764705882354,
        35.62352941176471
    ],
    "451.74": [
        34.93333333333334,
        34.87058823529412,
        35.43529411764706,
        34.05490196078431,
        34.49411764705882,
        35.30980392156863,
        35.68627450980392,
        35.372549019607845
    ],
    "466.8": [
        34.87058823529412,
        34.93333333333334,
        35.43529411764706,
        34.05490196078431,
        34.55686274509804,
        35.30980392156863,
        35.68627450980392,
        35.30980392156863
    ],
    "481.86": [
        34.99607843137255,
        34.99607843137255,
        35.74901960784314,
        34.36862745098039,
        34.745098039215684,
        35.43529411764706,
        35.74901960784314,
        35.372549019607845
    ],